frame,x,y,z
0,364.699951171875,332.3399658203125,0.2461000233888626
